<?xml version="1.0" encoding="UTF-8"?>
<configuration scan="true" scanPeriod="60 seconds" debug="false">
    <property name="LOG_PATH" value="./logs"/>
    <!--格式化输出：%d表示日期，%thread表示线程名，%-5level：级别从左显示5个字符宽度%msg：日志消息，%n是换行符-->
    <property name="LOG_STDOUT_PATTERN"
              value="%d{yyyy-MM-dd HH:mm:ss.SSS} [%thread] %-5level %logger{36} - %msg%n"/>
    <property name="LOG_FILE_PATTERN"
              value="%d{yyyy-MM-dd HH:mm:ss.SSS} [%thread] %-5level %logger{36} - %msg%n"/>

    <!-- 输出到控制台 -->
    <appender name="CONSOLE" class="ch.qos.logback.core.ConsoleAppender">
        <!-- 输出的格式 -->
        <encoder class="ch.qos.logback.classic.encoder.PatternLayoutEncoder">
            <pattern>${LOG_STDOUT_PATTERN}</pattern>
        </encoder>
    </appender>

    <!-- 生成日志文件 -->
    <appender name="FILE" class="ch.qos.logback.core.rolling.RollingFileAppender">
        <!-- 日志名称 -->
        <file>${LOG_PATH}/lableservice-consumer.log</file>
        <rollingPolicy class="ch.qos.logback.core.rolling.SizeAndTimeBasedRollingPolicy">
            <fileNamePattern>${LOG_PATH}/lableservice-consumer.%d{yyyy-MM-dd}.%i.log</fileNamePattern>
            <!-- 日志最大 50MB -->
            <maxFileSize>50MB</maxFileSize>
            <!-- 保存 30 天 -->
            <maxHistory>30</maxHistory>
            <!--            <totalSizeCap>10GB</totalSizeCap>  &lt;!&ndash; 总日志大小 &ndash;&gt;-->
        </rollingPolicy>

        <encoder>
            <pattern>${LOG_FILE_PATTERN}</pattern>
        </encoder>
    </appender>
    <!--
    <logger name="org.influxdb" level="INFO"/>
    <logger name="com.bonc.jiu.oracleMapper" level="debug"/>
      -->
    <root level="INFO">
        <appender-ref ref="CONSOLE"/>
        <appender-ref ref="FILE"/>
    </root>

</configuration>